Name,Key,Value
design research,design research,85
healthcare,healthcare,67
product design,product design,64
dr,dr,54
financial services,financial services,50
experience strategy,experience strategy,49
service design,service design,42
dls,dls,40
visual design,visual design,38
health,health,36
interaction design,interaction design,36
growth strategy,growth strategy,35
fins,fins,32
retail,retail,31
frogventures,frogventures,31
automotive,automotive,31
design language system,design language system,30
prototyping,prototyping,30
mobile,mobile,28
venture design,venture design,26
frogthink,frogthink,26
ixd,ixd,23
brand,brand,22
ventures,ventures,22
org activation,org activation,21
industrial design,industrial design,21
digital design,digital design,20
workshop,workshop,20
finance,finance,19
transportation,transportation,19
concept,concept,18
insurance,insurance,18
customer experience,customer experience,17
frogcamp,frogcamp,17
startup,startup,17
vd,vd,17
id,id,17
branding,branding,17
social impact,social impact,16
iot,iot,16
brand strategy,brand strategy,16
concepting,concepting,16
sf portfolio,sf portfolio,16
children,children,15
san francisco portfolio,san francisco portfolio,14
telco,telco,14
cx,cx,14
health + wellness,health + wellness,14
bank,bank,13
customer experience design,customer experience design,13
concept design,concept design,13
ux,ux,13
business model,business model,13
strategy,strategy,13
education,education,12
pharma,pharma,12
futurecasting,futurecasting,12
food,food,12
impact,impact,12
product realization,product realization,12
xs,xs,12
application design,application design,11
government,government,11
entertainment,entertainment,11
product and service design,product and service design,11
playbook,playbook,11
sports,sports,11
mobile app,mobile app,11
technology,technology,11
austin portfolio,austin portfolio,10
experience design,experience design,10
android,android,10
roadmap,roadmap,10
frogtx portfolio,frogtx portfolio,10
packaging,packaging,10
brand identity,brand identity,10
consumer electronics,consumer electronics,10
customer journey,customer journey,10
kids,kids,10
prz,prz,10
value proposition,value proposition,10
prototype,prototype,10
china,china,9
wearable,wearable,9
banking,banking,9
web design,web design,9
q1 2016 portfolio,q1 2016 portfolio,9
enterprise software,enterprise software,9
frog ventures,frog ventures,9
archetypes,archetypes,8
ge,ge,8
frogimpact,frogimpact,8
medical device,medical device,8
frogthink workshop,frogthink workshop,8
beverage,beverage,8
milan portfolio,milan portfolio,8
mechanical engineering,mechanical engineering,8
user archetypes,user archetypes,8
epr,epr,8
final deliverable,final deliverable,8
foundational design,foundational design,8
digital strategy,digital strategy,8
product strategy,product strategy,8
pharmaceutical,pharmaceutical,8
energy,energy,8
retail experience,retail experience,7
smart home,smart home,7
award entry,award entry,7
non-profit,non-profit,7
vr,vr,7
ui,ui,7
film,film,7
concepts,concepts,7
case study,case study,7
digital transformation,digital transformation,7
biomedical device,biomedical device,7
software,software,7
shanghai portfolio,shanghai portfolio,7
ar,ar,6
architecture,architecture,6
q4 2015 portfolio,q4 2015 portfolio,6
product + service design,product + service design,6
gaming,gaming,6
places,places,6
mobility,mobility,6
detailed design,detailed design,6
workshops,workshops,6
tv,tv,6
redesign,redesign,6
data science,data science,6
telecom,telecom,6
construction,construction,6
social media,social media,6
bd,bd,6
connected home,connected home,6
beer,beer,6
web,web,6
wearables,wearables,6
rambus,rambus,6
kitchen,kitchen,5
naming,naming,5
vision,vision,5
ios,ios,5
co-location,co-location,5
augmented reality,augmented reality,5
economic inclusion,economic inclusion,5
mobile banking,mobile banking,5
app design,app design,5
intel,intel,5
food and beverage,food and beverage,5
service blueprint,service blueprint,5
service model,service model,5
restaurant,restaurant,5
future vision,future vision,5
biz model,biz model,5
user research,user research,5
veterans,veterans,5
storytelling,storytelling,5
opportunity identification,opportunity identification,5
hospitality,hospitality,5
market sizing,market sizing,5
pharm,pharm,5
fitness,fitness,5
research,research,5
beacon,beacon,5
frogthink toolkit,frogthink toolkit,5
digital health,digital health,5
opportunity areas,opportunity areas,5
website,website,5
car,car,5
responsive web,responsive web,5
venture,venture,5
tablet,tablet,5
interactive,interactive,5
customer segmentation,customer segmentation,5
mexico,mexico,5
go-to-market strategy,go-to-market strategy,5
coffee,coffee,5
tech assessment,tech assessment,5
abi,abi,5
research insights,research insights,5
partnership,partnership,5
furniture,furniture,5
london,london,5
personas,personas,4
frogfilm,frogfilm,4
guardhat,guardhat,4
ecommerce,ecommerce,4
tech,tech,4
italy,italy,4
biomedical engineering,biomedical engineering,4
ergonomic models,ergonomic models,4
japan,japan,4
television,television,4
darpa,darpa,4
development,development,4
kickstarter campaign,kickstarter campaign,4
ces,ces,4
photorealistic rendering,photorealistic rendering,4
org design,org design,4
future of,future of,4
oem,oem,4
security,security,4
toolkits,toolkits,4
frogthink workbook,frogthink workbook,4
play,play,4
axa,axa,4
oobe,oobe,4
video,video,4
readiness assessment,readiness assessment,4
sound united,sound united,4
samsung,samsung,4
lighting,lighting,4
website design,website design,4
future of work,future of work,4
digital experience,digital experience,4
publishing,publishing,4
ideation,ideation,4
aricent,aricent,4
tech consulting,tech consulting,4
headphones,headphones,4
ev,ev,4
journey map,journey map,4
app,app,4
rfid,rfid,4
cars,cars,4
engineering,engineering,4
e-commerce,e-commerce,4
agriculture,agriculture,4
concept development,concept development,4
packaging design,packaging design,4
technology strategy,technology strategy,4
connected car,connected car,4
brand guidelines,brand guidelines,4
roi,roi,4
froghealth,froghealth,4
telecommunications,telecommunications,4
fow,fow,4
nespresso,nespresso,4
it strategy,it strategy,4
apparel,apparel,4
interactive design,interactive design,4
space design,space design,4
business strategy,business strategy,4
nge,nge,4
collaboration,collaboration,4
ngo,ngo,4
hospital,hospital,4
futurecasting. design research. concepting. strategy. org activation.,futurecasting. design research. concepting. strategy. org activation.,4
virtual reality,virtual reality,4
premium,premium,4
magic band,magic band,4
insights,insights,4
btpn,btpn,3
experience strategy playbook and roadmap,experience strategy playbook and roadmap,3
luxury,luxury,3
lifestyle,lifestyle,3
fashion,fashion,3
portal,portal,3
brand architecture,brand architecture,3
design principles,design principles,3
wealth management,wealth management,3
refrigerator,refrigerator,3
disney,disney,3
user experience,user experience,3
latin america,latin america,3
conceptual design,conceptual design,3
business plan,business plan,3
health insurance,health insurance,3
bloomberg,bloomberg,3
ikea,ikea,3
business model development,business model development,3
frog film,frog film,3
solution architecture,solution architecture,3
theme park,theme park,3
electric vehicle,electric vehicle,3
cgap,cgap,3
games,games,3
mvp,mvp,3
smart lighting,smart lighting,3
brazil,brazil,3
training,training,3
customer experience strategy,customer experience strategy,3
dsl,dsl,3
grocery,grocery,3
sensors,sensors,3
gef,gef,3
mobile mandate,mobile mandate,3
future car vision,future car vision,3
vehicle,vehicle,3
farmers,farmers,3
unicef,unicef,3
chinese,chinese,3
students,students,3
asia,asia,3
frog camp,frog camp,3
news,news,3
smart city,smart city,3
frogthink toolkit case study,frogthink toolkit case study,3
communications hub,communications hub,3
hmi,hmi,3
mobile banking experience,mobile banking experience,3
keywords?#58,keywords?#58,3
dalberg,dalberg,3
envision,envision,3
one pager,one pager,3
ecosystem,ecosystem,3
nestle,nestle,3
ge foundation,ge foundation,3
blood pressure,blood pressure,3
home appliance,home appliance,3
mobile app prototype and design foundation,mobile app prototype and design foundation,3
ultrasound,ultrasound,3
airline,airline,3
award,award,3
genomics,genomics,3
indonesia,indonesia,3
light steering,light steering,3
corporate user archetype,corporate user archetype,3
concept car,concept car,3
social,social,3
experience assessment,experience assessment,3
implementation roadmap,implementation roadmap,3
coffee machine,coffee machine,3
dr methodology,dr methodology,3
customer centric,customer centric,3
sample deliverable,sample deliverable,3
id prototyping,id prototyping,3
mastercard,mastercard,3
user testing,user testing,3
fleet management,fleet management,3
athlete,athlete,3
robot,robot,3
market position,market position,3
interaction model,interaction model,3
curriculum,curriculum,3
idea2013,idea2013,3
product ?amp,product ?amp,3
music,music,3
public sector,public sector,3
facilities management,facilities management,3
headset,headset,3
real estate,real estate,3
unbanked,unbanked,3
revl,revl,3
field research,field research,3
user validation,user validation,3
photography,photography,3
touch technology,touch technology,3
supply chain,supply chain,3
bny mellon,bny mellon,3
strategic design,strategic design,3
connected city,connected city,3
frog impact,frog impact,3
oxygen,oxygen,3
urban household,urban household,3
communication strategy,communication strategy,3
product launch,product launch,3
frogny portfolio,frogny portfolio,3
manufacturing,manufacturing,3
audio,audio,3
consumer products,consumer products,3
infrastructure,infrastructure,3
dishwasher,dishwasher,3
detailed design and development,detailed design and development,3
media,media,3
brand playbook,brand playbook,3
vw group,vw group,3
web development,web development,3
road map,road map,3
mobile application,mobile application,3
frog data,frog data,3
fintech,fintech,3
cx strategy,cx strategy,3
africa,africa,3
trucking,trucking,3
mobile ui,mobile ui,3
jakarta,jakarta,3
mobile payment,mobile payment,3
quantitative research,quantitative research,3
sensor,sensor,2
speaker,speaker,2
auto experience,auto experience,2
5g,5g,2
facebook,facebook,2
interface,interface,2
pd,pd,2
asthma,asthma,2
cms,cms,2
microwave,microwave,2
bootcamp,bootcamp,2
participatory design,participatory design,2
data visualization,data visualization,2
development partner,development partner,2
altran,altran,2
aisle redesign,aisle redesign,2
ux coe,ux coe,2
experience journey,experience journey,2
engineering transition document,engineering transition document,2
video on demand,video on demand,2
cloud,cloud,2
airliner,airliner,2
store design,store design,2
environment,environment,2
overview,overview,2
internet of things,internet of things,2
prototyping and testing,prototyping and testing,2
game design,game design,2
ethnographic research,ethnographic research,2
bicycle rack,bicycle rack,2
physical digital,physical digital,2
q3 2015,q3 2015,2
employee care,employee care,2
chinese market,chinese market,2
fb tips,fb tips,2
b2b software,b2b software,2
communication guidelines,communication guidelines,2
frogdata,frogdata,2
department of defense,department of defense,2
freezer,freezer,2
electronics,electronics,2
healthcare id,healthcare id,2
nutrition,nutrition,2
user personas,user personas,2
lqd,lqd,2
product definition,product definition,2
patient journey,patient journey,2
visual design language,visual design language,2
design sprint workshop,design sprint workshop,2
design strategy,design strategy,2
iphone,iphone,2
connected vehicle,connected vehicle,2
smart helmet,smart helmet,2
relationship,relationship,2
innovation strategy,innovation strategy,2
magicband,magicband,2
research readout,research readout,2
technology product realization,technology product realization,2
league of legends,league of legends,2
palo,palo,2
workshop materials,workshop materials,2
activation,activation,2
learning,learning,2
behavioral archetype,behavioral archetype,2
hardware design,hardware design,2
smart product,smart product,2
digital app product concept,digital app product concept,2
experience vision,experience vision,2
school,school,2
prison re-entry,prison re-entry,2
patient care,patient care,2
road-mapping,road-mapping,2
grupo salinas,grupo salinas,2
albertsons,albertsons,2
retail site,retail site,2
infotainment,infotainment,2
digital customer experience,digital customer experience,2
consumer electronic,consumer electronic,2
id examples,id examples,2
munich,munich,2
surgery,surgery,2
breast cancer,breast cancer,2
id samples,id samples,2
canada,canada,2
classroom,classroom,2
foundational dls,foundational dls,2
emerging technology,emerging technology,2
it,it,2
luggage,luggage,2
web app,web app,2
cyberwarfare,cyberwarfare,2
smartphone,smartphone,2
brand vision,brand vision,2
childcare,childcare,2
virtual reality game,virtual reality game,2
partnerships,partnerships,2
roi one pager,roi one pager,2
validation,validation,2
solar,solar,2
syringe,syringe,2
athletes,athletes,2
software design,software design,2
touch interface,touch interface,2
consulting services,consulting services,2
game experience,game experience,2
co-creation,co-creation,2
design technology,design technology,2
vr prototyping,vr prototyping,2
second developer kit,second developer kit,2
lexicon,lexicon,2
governance model,governance model,2
experience,experience,2
experience envisioning,experience envisioning,2
b2b archetype,b2b archetype,2
online learning experience,online learning experience,2
paid pitch,paid pitch,2
investment,investment,2
messaging app,messaging app,2
consumer design language system,consumer design language system,2
business modeling,business modeling,2
fly dubai,fly dubai,2
gig economy,gig economy,2
11-Jul,11-Jul,2
software and digital design,software and digital design,2
front-end development,front-end development,2
brand experience,brand experience,2
brand standards,brand standards,2
tlab,tlab,2
ecosystem map,ecosystem map,2
heuristic evaluation and technology assessment,heuristic evaluation and technology assessment,2
id artifacts,id artifacts,2
parent,parent,2
playing,playing,2
meal service,meal service,2
game,game,2
cross-platform,cross-platform,2
proof of concept,proof of concept,2
sensing technology,sensing technology,2
sketch ideation,sketch ideation,2
flydubai,flydubai,2
financial,financial,2
boom,boom,2
hotel,hotel,2
opportunity framing,opportunity framing,2
mapping,mapping,2
elementary school,elementary school,2
equinox,equinox,2
robo advisor,robo advisor,2
online learning market,online learning market,2
mobile web app,mobile web app,2
html templates,html templates,2
concept evaluation,concept evaluation,2
eyelock,eyelock,2
city table,city table,2
investor deck,investor deck,2
aesculap,aesculap,2
intesa sanpaolo,intesa sanpaolo,2
countertop,countertop,2
detailed implementation + testing plan,detailed implementation + testing plan,2
wireframes,wireframes,2
vendor selection,vendor selection,2
singtel,singtel,2
planning workshop,planning workshop,2
emergency response,emergency response,2
vision + implementation plan,vision + implementation plan,2
fundraising,fundraising,2
brand deliverable,brand deliverable,2
coaching,coaching,2
environmental experience,environmental experience,2
manufacturing support,manufacturing support,2
product hierachy,product hierachy,2
customer service,customer service,2
tax,tax,2
technology interpretation,technology interpretation,2
executive summary,executive summary,2
fitness wearable,fitness wearable,2
fis,fis,2
smart spaces,smart spaces,2
immersion project,immersion project,2
innovation,innovation,2
trend scrape,trend scrape,2
hardware prototype,hardware prototype,2
project mwana,project mwana,2
neurosurgery,neurosurgery,2
korea,korea,2
interface design,interface design,2
frogplaces,frogplaces,2
outdoor,outdoor,2
charging,charging,2
humanitarian,humanitarian,2
early stage startup,early stage startup,2
concept creation,concept creation,2
ventrue design,ventrue design,2
prototypes,prototypes,2
amicomed,amicomed,2
business user archetype,business user archetype,2
grocery shopping,grocery shopping,2
communication and way-finding design and implementation,communication and way-finding design and implementation,2
product roadmap,product roadmap,2
smart oven,smart oven,2
cdls,cdls,2
stadium,stadium,2
teachers,teachers,2
quantitative,quantitative,2
paas,paas,2
launch,launch,2
envisioning,envisioning,2
quant survey,quant survey,2
video games,video games,2
ockham razor,ockham razor,2
magri,magri,2
workshop facilitation,workshop facilitation,2
freescale,freescale,2
start-up,start-up,2
red cross,red cross,2
frog health,frog health,2
final presentation,final presentation,2
digital visualizer,digital visualizer,2
icon,icon,2
ux design,ux design,2
advertising,advertising,2
subscription service,subscription service,2
sound,sound,2
content and design strategy,content and design strategy,2
media platform,media platform,2
kidney stone,kidney stone,2
frogtech,frogtech,2
corporate site navigation,corporate site navigation,2
ucla,ucla,2
schools,schools,2
information technology,information technology,2
id product realization,id product realization,2
touchtunes,touchtunes,2
gsma,gsma,2
design language,design language,2
bluetooth,bluetooth,2
airport,airport,2
porsche,porsche,2
synthesis document,synthesis document,2
future of retail,future of retail,2
sustainable,sustainable,2
hackathon,hackathon,2
experience ecosystem,experience ecosystem,2
morph,morph,2
dod,dod,2
office management,office management,2
landscape analysis,landscape analysis,2
web ui development,web ui development,2
sensel,sensel,2
web technologies,web technologies,2
backpackplus,backpackplus,2
content strategy,content strategy,2
development toolkit,development toolkit,2
semi-conductor,semi-conductor,2
marketplace positioning,marketplace positioning,2
google,google,2
user studies,user studies,2
well-being,well-being,2
hydration,hydration,2
desktop app,desktop app,2
best of automotive,best of automotive,2
booth design,booth design,2
pre-k,pre-k,2
yellow pages,yellow pages,2
hypertension,hypertension,2
smb,smb,2
us,us,2
mobile prototype,mobile prototype,2
industrial software,industrial software,2
transition to digital,transition to digital,2
backpack+,backpack+,2
tech strategy,tech strategy,2
medical imaging,medical imaging,2
saturated marketplace,saturated marketplace,2
qualitative quantitative research,qualitative quantitative research,2
dei,dei,2
website redesign,website redesign,2
visual identity,visual identity,2
frog labs,frog labs,2
digital brand,digital brand,2
hospital research,hospital research,2
middle east,middle east,2
retail bank,retail bank,2
cio,cio,2
system design,system design,2
frog places,frog places,2
side project,side project,2
early concepts,early concepts,2
cancer care,cancer care,2
hardware software,hardware software,2
payment experience,payment experience,2
business model innovation,business model innovation,2
wordpress,wordpress,2
uae,uae,2
fire sensor,fire sensor,2
shopping experience,shopping experience,2
vetrya,vetrya,2
partnership recommendations,partnership recommendations,2
brand strategy and design,brand strategy and design,2
digital innovation,digital innovation,2
burn victim,burn victim,2
atomizer,atomizer,2
appliance,appliance,2
electric car,electric car,2
hcd,hcd,2
sme archetype,sme archetype,2
smart cooking,smart cooking,2
strategy sprint workshop,strategy sprint workshop,2
ownership experience,ownership experience,2
under armour,under armour,2
autonomous vehicle,autonomous vehicle,2
3d designs using vr,3d designs using vr,2
frogmu portfolio,frogmu portfolio,2
7eleven,7eleven,2
event planning,event planning,2
shopping mindset,shopping mindset,2
progressive web apps,progressive web apps,2
payments,payments,2
definitive,definitive,2
workshop assets,workshop assets,2
backpack,backpack,2
head mounted viewer,head mounted viewer,2
b2b enterprise solutions,b2b enterprise solutions,2
digital advisor,digital advisor,2
oil and gas,oil and gas,2
health + wellness id,health + wellness id,2
mdg health alliance,mdg health alliance,2
general electric,general electric,2
digital jukebox experience,digital jukebox experience,2
digital products and tool design,digital products and tool design,2
surgeon,surgeon,2
kickstarter video,kickstarter video,2
home brewing,home brewing,2
homebuyer journey,homebuyer journey,2
digital surgery microscope,digital surgery microscope,2
design by making,design by making,2
autonomous driving,autonomous driving,2
project joy,project joy,2
agile,agile,2
espresso,espresso,2
loneliness,loneliness,2
guide investments,guide investments,2
language lexicon,language lexicon,2
wellness,wellness,2
cad,cad,2
product ecosystem,product ecosystem,2
ny portfolio,ny portfolio,2
passion project,passion project,2
3d printer,3d printer,2
heuristic audit,heuristic audit,2
drupal,drupal,2
camera,camera,2
sprint approach,sprint approach,2
merck,merck,2
behavior change,behavior change,2
jukebox,jukebox,2
riot games,riot games,2
cross-disciplinary,cross-disciplinary,2
portfolio collection,portfolio collection,2
3d print,3d print,2
planning,planning,2
auto,auto,2
start up,start up,2
chw,chw,2
beauty,beauty,2
cx design concept,cx design concept,2
austin,austin,2
tipping point,tipping point,2
surgical,surgical,2
alignment,alignment,2
soft-skills,soft-skills,2
disaster,disaster,2
quantified self,quantified self,2
organizational design,organizational design,2
appearance model,appearance model,2
community sites,community sites,2
investment bank,investment bank,2
industrial and digital experience design,industrial and digital experience design,2
design realization,design realization,2
comcast,comcast,2
innovation center,innovation center,2
trains,trains,1
personalization engine,personalization engine,1
solutions model,solutions model,1
information architecture,information architecture,1
novartis,novartis,1
flagship,flagship,1
scooter,scooter,1
software tool,software tool,1
promotional videos,promotional videos,1
anheuser-busch,anheuser-busch,1
audio entertainment ui,audio entertainment ui,1
analytics,analytics,1
remote control,remote control,1
experimental prototyping,experimental prototyping,1
company launch,company launch,1
content logic,content logic,1
corporate site,corporate site,1
polaris,polaris,1
avorko,avorko,1
access,access,1
org change,org change,1
blue print,blue print,1
ipad app,ipad app,1
collab,collab,1
employee toolkit,employee toolkit,1
radio,radio,1
headquarter,headquarter,1
samsung qi,samsung qi,1
brand naming,brand naming,1
p?amp,p?amp,1
modeling,modeling,1
brand value,brand value,1
care congress,care congress,1
frog focus,frog focus,1
application store,application store,1
booklet,booklet,1
vc,vc,1
social engagement,social engagement,1
engineering parameters,engineering parameters,1
user as creator,user as creator,1
korn ferry,korn ferry,1
sex health,sex health,1
trend analysis,trend analysis,1
dls example,dls example,1
exec assessment,exec assessment,1
frog marketing,frog marketing,1
home builder,home builder,1
pain reduction,pain reduction,1
graphic packaging system,graphic packaging system,1
camp,camp,1
web application,web application,1
performance data,performance data,1
medical,medical,1
loyalty,loyalty,1
samsung bridge,samsung bridge,1
engineered serendipity,engineered serendipity,1
car sharing,car sharing,1
market survey,market survey,1
payment,payment,1
samsung premium care,samsung premium care,1
adventure,adventure,1
super storm,super storm,1
competitive positioning,competitive positioning,1
concept proposition,concept proposition,1
mirna,mirna,1
business case development,business case development,1
design,design,1
child,child,1
baby,baby,1
automobile,automobile,1
mobile world congress,mobile world congress,1
on-demand culture,on-demand culture,1
marketing,marketing,1
iris scanner,iris scanner,1
platform,platform,1
cable,cable,1
dsg,dsg,1
frogsf portfolio,frogsf portfolio,1
future service experience,future service experience,1
loans,loans,1
trucks,trucks,1
carpet,carpet,1
hr,hr,1
tags?#58,tags?#58,1
usage guidelines,usage guidelines,1
cg,cg,1
pharmacy,pharmacy,1
interactive video,interactive video,1
urban planning,urban planning,1
b2b financial software,b2b financial software,1
law,law,1
presentation support,presentation support,1
human-centered design,human-centered design,1
persona generation,persona generation,1
eqx,eqx,1
3d printing,3d printing,1
enterprise architecture,enterprise architecture,1
mindfulness movement,mindfulness movement,1
spaces,spaces,1
dls pov,dls pov,1
lifesensor,lifesensor,1
colocation,colocation,1
animation vignettes,animation vignettes,1
mobile office,mobile office,1
pet,pet,1
natural language understanding,natural language understanding,1
conceptual architecture,conceptual architecture,1
voyomotive,voyomotive,1
deliverable,deliverable,1
chatbot,chatbot,1
organizational strategy,organizational strategy,1
one-stop-shop,one-stop-shop,1
strategic planning,strategic planning,1
future electric vehicle,future electric vehicle,1
catalogue,catalogue,1
customer journey map,customer journey map,1
personal audio,personal audio,1
usability,usability,1
braun prize,braun prize,1
american express,american express,1
vision story,vision story,1
roche,roche,1
idls,idls,1
fin,fin,1
outfront media,outfront media,1
animation,animation,1
retail real estate,retail real estate,1
logo mark,logo mark,1
brand positioning,brand positioning,1
concept validation,concept validation,1
internet,internet,1
education tool,education tool,1
speakers,speakers,1
marketing assets,marketing assets,1
narrative,narrative,1
genos,genos,1
un,un,1
medical documentation,medical documentation,1
data exchange,data exchange,1
neuroscience,neuroscience,1
future of banking,future of banking,1
service providers,service providers,1
amex,amex,1
feelux,feelux,1
user scenarios,user scenarios,1
computer associates,computer associates,1
curriculum design,curriculum design,1
internal assets,internal assets,1
frogmi portfolio,frogmi portfolio,1
intro deck,intro deck,1
atm banking chase,atm banking chase,1
service sop,service sop,1
philanthropy,philanthropy,1
localization,localization,1
smart watch,smart watch,1
consumer goods,consumer goods,1
brand audit,brand audit,1
service ecosystem,service ecosystem,1
reference designs for in-vehicle,reference designs for in-vehicle,1
content management system,content management system,1
client team education,client team education,1
contentstack,contentstack,1
heuristics evaluation,heuristics evaluation,1
experience principles,experience principles,1
university,university,1
pah patients,pah patients,1
iris authenticator,iris authenticator,1
application,application,1
hurricane sandy,hurricane sandy,1
brand story,brand story,1
faraday,faraday,1
vi,vi,1
my magic+,my magic+,1
and desktop experience,and desktop experience,1
soft goods,soft goods,1
catalog,catalog,1
gs,gs,1
empowered seniors,empowered seniors,1
pov,pov,1
soul statement,soul statement,1
ios and android ui development,ios and android ui development,1
id example,id example,1
cross studio,cross studio,1
australia,australia,1
map my run,map my run,1
women care,women care,1
outcomes,outcomes,1
responsive web application design,responsive web application design,1
gap analysis,gap analysis,1
green,green,1
data strategy,data strategy,1
responsive web design,responsive web design,1
intro to design thinking,intro to design thinking,1
intel iot summit materials,intel iot summit materials,1
design system,design system,1
caregivers,caregivers,1
technology audit,technology audit,1
nps,nps,1
mobvoi,mobvoi,1
imax,imax,1
realization,realization,1
retail vision,retail vision,1
organizational transformation,organizational transformation,1
smart water heater,smart water heater,1
big data,big data,1
speedx unicorn,speedx unicorn,1
headless cms,headless cms,1
public transit,public transit,1
chebanca,chebanca,1
connected life,connected life,1
headhunter,headhunter,1
bike rack,bike rack,1
tech platform,tech platform,1
media and entertainment,media and entertainment,1
future retail experience,future retail experience,1
magic+,magic+,1
inspection works,inspection works,1
4g,4g,1
ideas,ideas,1
chronic disease,chronic disease,1
model 3,model 3,1
culture change,culture change,1
food + beverage,food + beverage,1
yp heros,yp heros,1
business case,business case,1
zipper,zipper,1
golf,golf,1
adherence,adherence,1
qualitative,qualitative,1
engagement models,engagement models,1
3g,3g,1
future touch points ?amp,future touch points ?amp,1
vision animation,vision animation,1
lambda architecture,lambda architecture,1
aging,aging,1
deutsche telekom,deutsche telekom,1
execution plan,execution plan,1
branding strategy,branding strategy,1
consumer/home robotics. product and service design,consumer/home robotics. product and service design,1
bridge project,bridge project,1
portal design,portal design,1
remote,remote,1
procter and gamble,procter and gamble,1
tech stack,tech stack,1
aspirational concepts on a microsite,aspirational concepts on a microsite,1
moving comfort,moving comfort,1
new york portfolio,new york portfolio,1
lite style guide,lite style guide,1
customer centricity,customer centricity,1
consumer archetype,consumer archetype,1
premium experience,premium experience,1
integrated hardware,integrated hardware,1
electric vehicles,electric vehicles,1
illustrations,illustrations,1
readiness score,readiness score,1
community experience,community experience,1
trendscrape,trendscrape,1
xurface,xurface,1
search,search,1
employee equity plan,employee equity plan,1
crop science,crop science,1
redesign customer experience,redesign customer experience,1
apple,apple,1
csra,csra,1
sitecore,sitecore,1
baby care,baby care,1
ads,ads,1
learning experience,learning experience,1
frogapps,frogapps,1
san francisco 49ers,san francisco 49ers,1
arkit,arkit,1
early concept journeys,early concept journeys,1
ui modular design system,ui modular design system,1
cbs outdoor,cbs outdoor,1
multi-channel commerce,multi-channel commerce,1
mobile service provider,mobile service provider,1
meal pick-up,meal pick-up,1
white house,white house,1
shipping,shipping,1
dentsu partner,dentsu partner,1
venture capital firm,venture capital firm,1
standard and poors,standard and poors,1
third wave iot,third wave iot,1
executive summit,executive summit,1
scanner,scanner,1
china nightlife,china nightlife,1
user experience playbook,user experience playbook,1
sprint report,sprint report,1
game interactions,game interactions,1
associated press,associated press,1
tim horton?s,tim horton?s,1
mobile experience,mobile experience,1
cruise,cruise,1
women's health,women's health,1
auto manufacturer,auto manufacturer,1
blueprint,blueprint,1
mentorship,mentorship,1
adt,adt,1
precision health,precision health,1
industrial worker,industrial worker,1
power plant,power plant,1
aricent partner,aricent partner,1
messaging,messaging,1
audio mode,audio mode,1
website development,website development,1
supercar concepts,supercar concepts,1
oems,oems,1
success metrics,success metrics,1
windows,windows,1
turnstile,turnstile,1
after sales user experience,after sales user experience,1
brewing,brewing,1
design prototype,design prototype,1
lunch box,lunch box,1
vision project,vision project,1
strollers,strollers,1
humana,humana,1
training tools,training tools,1
south korean retail,south korean retail,1
mircosoft office 15,mircosoft office 15,1
web publishing,web publishing,1
workplace transformation,workplace transformation,1
industrial iot,industrial iot,1
machine design,machine design,1
concept roadmap,concept roadmap,1
blood press,blood press,1
infosys,infosys,1
customer-centric,customer-centric,1
schwab,schwab,1
conversion rate,conversion rate,1
frog activation readiness assessment,frog activation readiness assessment,1
disney media,disney media,1
oil rig,oil rig,1
strategic plan,strategic plan,1
hcd toolkit,hcd toolkit,1
biotherapeutics,biotherapeutics,1
org roadmap,org roadmap,1
signature moment,signature moment,1
tv chatter,tv chatter,1
annotations,annotations,1
service experience principles,service experience principles,1
pilot project,pilot project,1
ticketing app,ticketing app,1
stream and batch processing,stream and batch processing,1
ux vision,ux vision,1
native app,native app,1
integration,integration,1
myengines,myengines,1
my fleet,my fleet,1
legal services,legal services,1
audio design,audio design,1
revenue model,revenue model,1
transport and logistics,transport and logistics,1
market strategy,market strategy,1
farm tech,farm tech,1
embedded client immersive learning,embedded client immersive learning,1
my magic plus,my magic plus,1
oculus,oculus,1
froglabs,froglabs,1
technical architec,technical architec,1
air purifier,air purifier,1
jira backlog,jira backlog,1
europe,europe,1
market insights,market insights,1
talent innovation,talent innovation,1
driller,driller,1
acquia,acquia,1
kings fund digital health,kings fund digital health,1
tech readiness assessment,tech readiness assessment,1
kickstarter,kickstarter,1
future casting workshop,future casting workshop,1
driling,driling,1
digital experience strategy,digital experience strategy,1
and product realization,and product realization,1
my engines,my engines,1
quality assurance,quality assurance,1
billing and claims,billing and claims,1
plume labs,plume labs,1
blabel,blabel,1
cwc,cwc,1
customer research insights,customer research insights,1
trendscape,trendscape,1
speed to market,speed to market,1
team sports,team sports,1
experience ass,experience ass,1
drug use,drug use,1
cloud scanner,cloud scanner,1
patients,patients,1
travel,travel,1
equinox hotels,equinox hotels,1
cross-department agile collaboration,cross-department agile collaboration,1
connected care,connected care,1
user experience design community,user experience design community,1
governance,governance,1
logitech,logitech,1
sydney,sydney,1
smartwatch,smartwatch,1
lightbulb,lightbulb,1
connecting,connecting,1
design systems,design systems,1
prioritization,prioritization,1
rogue,rogue,1
copywriting,copywriting,1
cpg bathroom home,cpg bathroom home,1
b2b2c,b2b2c,1
exec search,exec search,1
in-vehicle,in-vehicle,1
online banking,online banking,1
magic tap,magic tap,1
market research,market research,1
use case,use case,1
bayer,bayer,1
vehicles,vehicles,1
evaluation,evaluation,1
sky go,sky go,1
pitch deck,pitch deck,1
immersive experience,immersive experience,1
program management,program management,1
brand evaluation,brand evaluation,1
b2b archetypes,b2b archetypes,1
parking,parking,1
uxcoe,uxcoe,1
service strategy,service strategy,1
la,la,1
experience framework design,experience framework design,1
cancer,cancer,1
customer journeys,customer journeys,1
xfl,xfl,1
org strategy,org strategy,1
hero flow design,hero flow design,1
process and methodology training,process and methodology training,1
social listening,social listening,1
medicare,medicare,1
desktop application,desktop application,1
bollard,bollard,1
workstation,workstation,1
san francisco portfolio. food and beverage,san francisco portfolio. food and beverage,1
business customer archetypes,business customer archetypes,1
experience innovation playbook,experience innovation playbook,1
connected play,connected play,1
sam,sam,1
mobile operator,mobile operator,1
editorial,editorial,1
software design program,software design program,1
cortana,cortana,1
aid workers,aid workers,1
oncology experience design,oncology experience design,1
click-through prototype,click-through prototype,1
defence,defence,1
immersive interface,immersive interface,1
ia proposal,ia proposal,1
insurance company,insurance company,1
luxury bus,luxury bus,1
forklift,forklift,1
social media guidelines,social media guidelines,1
content platform,content platform,1
podcast,podcast,1
conceptual screen simulation,conceptual screen simulation,1
spatial design,spatial design,1
drone,drone,1
vw,vw,1
app concept,app concept,1
draftmark,draftmark,1
algorithmic music,algorithmic music,1
digital products and tools,digital products and tools,1
tsa,tsa,1
naloxone,naloxone,1
alignment teams,alignment teams,1
cell tower,cell tower,1
immersive,immersive,1
co-create,co-create,1
polk,polk,1
att,att,1
microservices,microservices,1
experience economy,experience economy,1
siri,siri,1
burn patients,burn patients,1
microsoft,microsoft,1
joomla,joomla,1
urban design,urban design,1
channel strategy,channel strategy,1
hardware digital,hardware digital,1
chase jpmc tablet research,chase jpmc tablet research,1
ux and storytelling,ux and storytelling,1
disney lab,disney lab,1
executive search,executive search,1
organisational assessment,organisational assessment,1
genome,genome,1
new company,new company,1
olympic games,olympic games,1
vr care,vr care,1
experience demo,experience demo,1
event bus,event bus,1
go to market strategy,go to market strategy,1
senior living,senior living,1
hypothesis playbook,hypothesis playbook,1
centers of excellence,centers of excellence,1
mozilla,mozilla,1
gen z,gen z,1
aquos,aquos,1
household applicances,household applicances,1
bicycling,bicycling,1
concussion diagnostic test,concussion diagnostic test,1
huntington's disease,huntington's disease,1
air quality device,air quality device,1
partner vendor,partner vendor,1
diabetes,diabetes,1
acquisition,acquisition,1
partnership strategy,partnership strategy,1
nlu,nlu,1
toyota,toyota,1
designops,designops,1
digital branding,digital branding,1
chinese drivers,chinese drivers,1
logistics,logistics,1
way-finding,way-finding,1
disney baby,disney baby,1
simulation game,simulation game,1
serviceable addressable market,serviceable addressable market,1
date collection,date collection,1
linde,linde,1
software platform,software platform,1
one-click process,one-click process,1
pilot store,pilot store,1
professional association,professional association,1
headsets,headsets,1
ukraine,ukraine,1
workplace collaboration,workplace collaboration,1
platform design,platform design,1
self-serve,self-serve,1
behaviour change,behaviour change,1
popeyes,popeyes,1
patient journey mapping,patient journey mapping,1
teaching,teaching,1
secondary research,secondary research,1
brand direction,brand direction,1
wallet app,wallet app,1
shared economy,shared economy,1
heatworks,heatworks,1
asurion,asurion,1
user environment,user environment,1
technology assessment,technology assessment,1
in-store experience,in-store experience,1
photovoltaic,photovoltaic,1
competitive analysis,competitive analysis,1
agile methodology,agile methodology,1
female,female,1
industrial,industrial,1
cx vision,cx vision,1
after-sales service,after-sales service,1
gesture,gesture,1
ecosystem landscape,ecosystem landscape,1
mwc,mwc,1
advertising experience,advertising experience,1
capabilities,capabilities,1
ux strategy,ux strategy,1
zero ui,zero ui,1
south africa,south africa,1
self-driving cars,self-driving cars,1
architecture design,architecture design,1
future of transit media,future of transit media,1
digital identity,digital identity,1
airlines,airlines,1
sustainability,sustainability,1
anheuser busch,anheuser busch,1
kidaptive,kidaptive,1
amersports,amersports,1
self-service,self-service,1
genomic,genomic,1
ideation workshop,ideation workshop,1
ticwatch,ticwatch,1
conceptual prototypes,conceptual prototypes,1
final documentation framework,final documentation framework,1
user stories,user stories,1
foreign exchange,foreign exchange,1
best practices,best practices,1
retail insights,retail insights,1
hero use cases,hero use cases,1
yibu,yibu,1
franklin,franklin,1
rwe,rwe,1
event ticketing,event ticketing,1
ringers gloves,ringers gloves,1
systemic design,systemic design,1
smart travelling,smart travelling,1
online shop,online shop,1
roi metrics,roi metrics,1
automotive connected vehicle services,automotive connected vehicle services,1
partner,partner,1
international news,international news,1
in-house competency,in-house competency,1
sensor technology,sensor technology,1
business opportunities,business opportunities,1
tablet app,tablet app,1
florida blue,florida blue,1
super bowl,super bowl,1
furniture design,furniture design,1
process recommendation,process recommendation,1
ipod,ipod,1
rapid prototyping,rapid prototyping,1
companion app,companion app,1
volunteer,volunteer,1
collaboration hub,collaboration hub,1
product offering,product offering,1
idea catalogue,idea catalogue,1
design collaborative,design collaborative,1
mobiledgex,mobiledgex,1
citrix unity,citrix unity,1
air purifiers,air purifiers,1
transport,transport,1
samsung aurora,samsung aurora,1
retail products,retail products,1
disaster recovery center,disaster recovery center,1
in-car interaction model,in-car interaction model,1
food delivery,food delivery,1
family,family,1
ui designer,ui designer,1
physical and digital design,physical and digital design,1
cms recommendation ?amp,cms recommendation ?amp,1
smart hat,smart hat,1
e-charging,e-charging,1
veterans affairs,veterans affairs,1
sporting goods,sporting goods,1
sensing,sensing,1
samsung portfolio,samsung portfolio,1
landing page,landing page,1
design thinking,design thinking,1
human centered design,human centered design,1
crop management data,crop management data,1
automotive and transport,automotive and transport,1
cross-device interaction,cross-device interaction,1
multichannel engagement strategy,multichannel engagement strategy,1
portfolio strategy,portfolio strategy,1
yp,yp,1
veldt,veldt,1
contact centers,contact centers,1
dashboard interaction model,dashboard interaction model,1
hybrid app,hybrid app,1
service research healthcare,service research healthcare,1
training program,training program,1
jon grossman,jon grossman,1
stella artois,stella artois,1
new retail,new retail,1
housing,housing,1
oil ?amp,oil ?amp,1
biometrics,biometrics,1
advertisers,advertisers,1
ux mapping,ux mapping,1
bellwether,bellwether,1
asian markets,asian markets,1
samsung franklin,samsung franklin,1
drilling experience,drilling experience,1
mobile app design,mobile app design,1
insurer,insurer,1
agrochemicals,agrochemicals,1
digital product design,digital product design,1
cybersecurity,cybersecurity,1
brand launch,brand launch,1
guest journey,guest journey,1
kenya,kenya,1
software application design,software application design,1
self-scheduling,self-scheduling,1
italia,italia,1
at?t labs research,at?t labs research,1
future of mobile,future of mobile,1
voice,voice,1
credit card,credit card,1
frog concept,frog concept,1
hyundai,hyundai,1
sound experience,sound experience,1
united nations,united nations,1
business cards,business cards,1
tv providers,tv providers,1
installation,installation,1
model3,model3,1
materials moodboards,materials moodboards,1
stadium experience,stadium experience,1
myfleet,myfleet,1
organization activation,organization activation,1
smart bike,smart bike,1
enterprise,enterprise,1
workspaces,workspaces,1
onboarding,onboarding,1
sentons,sentons,1
eu,eu,1
experience framework,experience framework,1
digital marketing,digital marketing,1
multi-platform,multi-platform,1
prescription,prescription,1
custom illustration,custom illustration,1
technical recommendation,technical recommendation,1
talent search,talent search,1
responsive,responsive,1
wellbeing,wellbeing,1
well construction engineers,well construction engineers,1
new business definition,new business definition,1
customer research,customer research,1
pharmatek,pharmatek,1
satellite radio,satellite radio,1
coe,coe,1
immunomedics,immunomedics,1
readiness workshop,readiness workshop,1
saudi arabia,saudi arabia,1
icons,icons,1
honeywell,honeywell,1
ixd guidelines,ixd guidelines,1
detail design assets,detail design assets,1
guidelines,guidelines,1
product principles,product principles,1
sportsmed,sportsmed,1
retailer,retailer,1
hero use case,hero use case,1
opioid overdose,opioid overdose,1
agri-tech,agri-tech,1
lg smart security,lg smart security,1
connected truck,connected truck,1
football,football,1
style guidelines,style guidelines,1
uverse,uverse,1
futuristic,futuristic,1
sky seven days,sky seven days,1
data intelligence,data intelligence,1
customer insight,customer insight,1
burger king,burger king,1
samsung igloo,samsung igloo,1
voice ui,voice ui,1
opportunity presentation,opportunity presentation,1
case study portfolio,case study portfolio,1
conference system,conference system,1
responsive web application,responsive web application,1
news consumption,news consumption,1
recommendations,recommendations,1
scenarios,scenarios,1
technical assessment,technical assessment,1
experience map,experience map,1
co location,co location,1
design technology prototyping,design technology prototyping,1
state-owned,state-owned,1
nike,nike,1
house,house,1
customer loyalty,customer loyalty,1
consumer robotics,consumer robotics,1
product concepts,product concepts,1
authentication,authentication,1
handset,handset,1
smart city hub,smart city hub,1
logo,logo,1
family membership,family membership,1
opportunities for future cx improvements,opportunities for future cx improvements,1
home security,home security,1
demo,demo,1
telematics,telematics,1
experience manager,experience manager,1
connected water heater,connected water heater,1
crowdsource,crowdsource,1
hcd curriculum,hcd curriculum,1
iot signals,iot signals,1
culture recommendation,culture recommendation,1
cx design,cx design,1
automated workflow,automated workflow,1
purchase experience,purchase experience,1
evaluation research,evaluation research,1
lte,lte,1
riding experience,riding experience,1
hmi design,hmi design,1
malaysia,malaysia,1
it solutions,it solutions,1
bertumbuh,bertumbuh,1
experience narrative,experience narrative,1
gift,gift,1
professional portraits,professional portraits,1
retirement,retirement,1
methodology,methodology,1
brand toolkit,brand toolkit,1
city design,city design,1
personal health,personal health,1
concept prototyping,concept prototyping,1
e2e online,e2e online,1
monitor,monitor,1
polk audio,polk audio,1
circuit breakers,circuit breakers,1
call center,call center,1
samsung kids mode,samsung kids mode,1
treasury services,treasury services,1
amdocs,amdocs,1
verizon,verizon,1
streamline,streamline,1
in-car experience,in-car experience,1
app development,app development,1
lss prototyping,lss prototyping,1
mobile equipment,mobile equipment,1
digital tools,digital tools,1
ce,ce,1
minerals,minerals,1
bag,bag,1
ats integration,ats integration,1
in-home robot,in-home robot,1
printer,printer,1
store redesign and strategy,store redesign and strategy,1
pitch deck creation,pitch deck creation,1
corporate strategy,corporate strategy,1
software design hub,software design hub,1
frog social,frog social,1
biometric authentication system,biometric authentication system,1
smart meters,smart meters,1
japanese,japanese,1
experience vision and roadmap,experience vision and roadmap,1
detail design,detail design,1
guidewell,guidewell,1
sfmoma,sfmoma,1
customer segments,customer segments,1
api gateway,api gateway,1
stc,stc,1
audit,audit,1
ecosystem mapping,ecosystem mapping,1
credit cards,credit cards,1
columbia,columbia,1
frogfocus,frogfocus,1
final readout,final readout,1
website design and development,website design and development,1
contentful,contentful,1
twitter,twitter,1
id concept,id concept,1
mobile user experience,mobile user experience,1
pod tech share out,pod tech share out,1
goods delivery,goods delivery,1
investment tool,investment tool,1
facilitation,facilitation,1
banco indusval,banco indusval,1
smart + connected lighthouse,smart + connected lighthouse,1
railway,railway,1
it services,it services,1
concept seeds,concept seeds,1
theorem,theorem,1
connected kitchen appliance,connected kitchen appliance,1
interior design,interior design,1
hospitals,hospitals,1
real-time data,real-time data,1
transformation,transformation,1
immunotherapy,immunotherapy,1
products,products,1
infuse human centered design,infuse human centered design,1
wwdc,wwdc,1
ordering experience,ordering experience,1
national postal services,national postal services,1
saudi telecom,saudi telecom,1
internal strategic prioritization,internal strategic prioritization,1
tcl,tcl,1
rig of the future,rig of the future,1
housework as experience,housework as experience,1
professional services,professional services,1
comparison,comparison,1
messaging map,messaging map,1
digital experience design,digital experience design,1
employee journey,employee journey,1
mayo clinic,mayo clinic,1
voice ux,voice ux,1
data strategy recommendations,data strategy recommendations,1
animal,animal,1
fraud protection,fraud protection,1
customer co-creation workshop,customer co-creation workshop,1
future,future,1
service guidebook,service guidebook,1
web analytics,web analytics,1
physical design,physical design,1
3-wheeled vehicle,3-wheeled vehicle,1
projection,projection,1
workflow optimization,workflow optimization,1
tokyo land corporation,tokyo land corporation,1
jpmc chase mobile app android ios,jpmc chase mobile app android ios,1
sharing,sharing,1
talent,talent,1
game mechanics,game mechanics,1
front end development,front end development,1
ces 2014,ces 2014,1
clothing,clothing,1
personal data,personal data,1
social media launch campaign,social media launch campaign,1
haier,haier,1
wireless network,wireless network,1
ocha,ocha,1
experience prototype development,experience prototype development,1
measurement,measurement,1
goldman sachs,goldman sachs,1
bny,bny,1
messenger,messenger,1
media + entertainment,media + entertainment,1
calendar,calendar,1
porsche drive,porsche drive,1
amusement park,amusement park,1
best of transactional web,best of transactional web,1
incubation hub,incubation hub,1
microsoft graphics,microsoft graphics,1
preschool,preschool,1
stevie awards,stevie awards,1
dr example,dr example,1
digital concept,digital concept,1
multichannel,multichannel,1
biosimilar,biosimilar,1
java,java,1
home robotics,home robotics,1
charting,charting,1
data analysis,data analysis,1
japanese market,japanese market,1
frog curriculum,frog curriculum,1
visual system,visual system,1
global 500,global 500,1
detailed visual and interaction design,detailed visual and interaction design,1
nurses,nurses,1
out-of-home ad,out-of-home ad,1
roadmap scenario,roadmap scenario,1
projector,projector,1
one pagers,one pagers,1
design language strategy,design language strategy,1
digital assistant,digital assistant,1
small business owner,small business owner,1
military,military,1
south korea,south korea,1
shoes,shoes,1
sensing and instrumented systems,sensing and instrumented systems,1
arabic,arabic,1
mobile design,mobile design,1
my fitness pal,my fitness pal,1
research center,research center,1
gui,gui,1
fast food,fast food,1
models,models,1
digital touch-points,digital touch-points,1
pest control,pest control,1
organizational change,organizational change,1
premium hospitality experience,premium hospitality experience,1
vision demo,vision demo,1
pfs,pfs,1
interactiondesign,interactiondesign,1
munich portfolio,munich portfolio,1
ap,ap,1
car rental,car rental,1
picocell,picocell,1
audiophile,audiophile,1
personal transportation,personal transportation,1
frog apps,frog apps,1
qualitative research,qualitative research,1
digital farming,digital farming,1
smart wearables,smart wearables,1
nyc,nyc,1
waste management,waste management,1
global trends,global trends,1
educators,educators,1
executive coaching,executive coaching,1
ifu,ifu,1
physical character boards,physical character boards,1
home away,home away,1
educational framework,educational framework,1
penske,penske,1
presentation,presentation,1
mobile payments,mobile payments,1
collaboration tool,collaboration tool,1
internal innovation,internal innovation,1
public information hub,public information hub,1
internal socialization,internal socialization,1
identity design,identity design,1
apple watch,apple watch,1
leadership ?amp,leadership ?amp,1
idea 2013,idea 2013,1
tech audit,tech audit,1
honeywell connected home,honeywell connected home,1
e-monitors,e-monitors,1
point of sale device,point of sale device,1
restaurant brands international,restaurant brands international,1
siemens,siemens,1
future workplace,future workplace,1
software architecture,software architecture,1
mvp app,mvp app,1
motorcycles,motorcycles,1
factory,factory,1
integrated delivery,integrated delivery,1
esso app,esso app,1
service,service,1
boston scientific,boston scientific,1
therapy,therapy,1
workflow design,workflow design,1
best of multi-platform,best of multi-platform,1
engagement kit,engagement kit,1
business value of design,business value of design,1
market entry,market entry,1
total addressable market,total addressable market,1
xband,xband,1
concept storyboards,concept storyboards,1
and architecture,and architecture,1
industrial example,industrial example,1
personal mobility,personal mobility,1
enterprise software platform,enterprise software platform,1
headworks,headworks,1
new feature concepts,new feature concepts,1
complete genomics,complete genomics,1
competitive landscape,competitive landscape,1
location-based messaging application,location-based messaging application,1
acceleration hub,acceleration hub,1
mobility of work,mobility of work,1
customer care,customer care,1
synthesis documentation,synthesis documentation,1
journey maps,journey maps,1
luxury fitness,luxury fitness,1
axiom,axiom,1
home,home,1
skincare service provider,skincare service provider,1
genetics,genetics,1
the code,the code,1
magic kinder,magic kinder,1
keg,keg,1
strategic positioning,strategic positioning,1
johnson,johnson,1
frog brand kit,frog brand kit,1
archetype,archetype,1
set top box interface,set top box interface,1
pharmaceuticals and biotechnology,pharmaceuticals and biotechnology,1
online,online,1
street lamp,street lamp,1
ge centor of excellence,ge centor of excellence,1
global teams,global teams,1
improve customer experience,improve customer experience,1
communications,communications,1
business innovation,business innovation,1
machining,machining,1
safer urban communities project,safer urban communities project,1
conference planning,conference planning,1
educator,educator,1
game system,game system,1
aia,aia,1
stationery,stationery,1
agile development and delivery,agile development and delivery,1
internet banking,internet banking,1
shopping mall,shopping mall,1
physical space,physical space,1
wiki framework ?amp,wiki framework ?amp,1
tracking,tracking,1
self-service website,self-service website,1
biosimilars,biosimilars,1
letv,letv,1
set top box experience,set top box experience,1
q1 2016,q1 2016,1
whiteboard,whiteboard,1
frog workshop,frog workshop,1
gas,gas,1
gm,gm,1
tam,tam,1
function engineering,function engineering,1
public health,public health,1
g,g,1
services,services,1
experience zoning,experience zoning,1
cellular therapy,cellular therapy,1
project edge,project edge,1
